ts_code,stock_name,holiday,corr_pre7_dummy,avg_pre7_cum_return_pct,avg_post7_cum_return_pct,events
002582.SZ,好想你,国庆,0.0200162913127435,3.1864984943207033,-1.656750864675356,10
002582.SZ,好想你,清明,0.005878573933100763,1.0267235162830415,-0.5964510802000523,14
002582.SZ,好想你,中秋,-0.007379605344108082,-0.6189975899151379,6.035939851210155,6
002582.SZ,好想你,五一,-0.025117476744627155,-3.018137754823441,2.3664662532862257,7
002582.SZ,好想你,端午,-0.035857875823455676,-3.6878326916586883,0.5489497426777109,8
002582.SZ,好想你,春节,-0.06294037396332795,-7.016248521598811,5.2540925910807745,9
